{
    "accuracy": 0.8025956284153005,
    "precision_macro": 0.7708948429816554,
    "recall_macro": 0.6865132202580136,
    "f1_score_macro": 0.7185711083689504
}